,date,count,Total
0,1874-05-01,74.58064516129032,270.8709677419355
1,1874-06-01,63.766666666666666,346.0
2,1874-07-01,113.2258064516129,1033.516129032258
3,1874-08-01,102.25806451612904,954.1290322580645
4,1874-09-01,46.833333333333336,335.26666666666665
5,1874-10-01,57.41935483870968,415.35483870967744
6,1874-11-01,48.2,387.8333333333333
7,1874-12-01,48.774193548387096,93.16129032258064
8,1875-01-01,24.419354838709676,72.41935483870968
9,1875-02-01,35.857142857142854,399.17857142857144
10,1875-03-01,56.38709677419355,423.03225806451616
11,1875-04-01,48.6,393.8333333333333
12,1875-05-01,19.225806451612904,145.41935483870967
13,1875-06-01,39.93333333333333,438.8666666666667
14,1875-07-01,20.903225806451612,76.7741935483871
15,1875-08-01,24.419354838709676,124.2258064516129
16,1875-09-01,3.966666666666667,34.03333333333333
17,1875-10-01,21.322580645161292,132.38709677419354
18,1875-11-01,29.566666666666666,187.5
19,1875-12-01,16.483870967741936,91.03225806451613
20,1876-01-01,23.93548387096774,167.48387096774192
21,1876-02-01,25.137931034482758,263.55172413793105
22,1876-03-01,51.064516129032256,231.41935483870967
23,1876-04-01,3.933333333333333,15.766666666666667
24,1876-05-01,8.516129032258064,37.25806451612903
25,1876-06-01,2.7333333333333334,15.233333333333333
26,1876-07-01,25.548387096774192,65.64516129032258
27,1876-08-01,14.774193548387096,34.70967741935484
28,1876-09-01,16.6,90.46666666666667
29,1876-10-01,23.870967741935484,155.25806451612902
30,1876-11-01,16.566666666666666,69.13333333333334
31,1876-12-01,13.64516129032258,149.29032258064515
32,1877-01-01,40.645161290322584,188.93548387096774
33,1877-02-01,14.5,66.21428571428571
34,1877-03-01,19.870967741935484,65.74193548387096
35,1877-04-01,26.266666666666666,90.63333333333334
36,1877-05-01,36.064516129032256,85.48387096774194
37,1877-06-01,23.566666666666666,57.53333333333333
38,1877-07-01,10.03225806451613,4.161290322580645
39,1877-08-01,10.516129032258064,34.935483870967744
40,1877-09-01,28.133333333333333,72.96666666666667
41,1877-10-01,11.161290322580646,126.25806451612904
42,1877-11-01,23.633333333333333,283.46666666666664
43,1877-12-01,3.5483870967741935,23.258064516129032
44,1878-01-01,5.548387096774194,14.870967741935484
45,1878-02-01,11.035714285714286,18.142857142857142
46,1878-03-01,13.064516129032258,47.935483870967744
47,1878-04-01,0.16666666666666666,0.43333333333333335
48,1878-05-01,9.870967741935484,51.483870967741936
49,1878-06-01,10.7,41.0
50,1878-07-01,0.22580645161290322,0.3548387096774194
51,1878-08-01,0.0,0.0
52,1878-09-01,8.8,57.233333333333334
53,1878-10-01,1.903225806451613,9.64516129032258
54,1878-11-01,6.8,23.6
55,1878-12-01,0.9354838709677419,2.0
56,1879-01-01,1.6451612903225807,1.1612903225806452
57,1879-02-01,0.9285714285714286,0.0
58,1879-03-01,0.0,0.0
59,1879-04-01,10.4,50.46666666666667
60,1879-05-01,4.032258064516129,5.806451612903226
61,1879-06-01,7.966666666666667,19.6
62,1879-07-01,12.580645161290322,51.38709677419355
63,1879-08-01,17.903225806451612,37.29032258064516
64,1879-09-01,10.066666666666666,41.266666666666666
65,1879-10-01,20.419354838709676,81.48387096774194
66,1879-11-01,21.866666666666667,108.66666666666667
67,1879-12-01,12.193548387096774,33.774193548387096
68,1880-01-01,40.12903225806452,292.16129032258067
69,1880-02-01,45.37931034482759,337.62068965517244
70,1880-03-01,32.096774193548384,142.67741935483872
71,1880-04-01,32.43333333333333,216.73333333333332
72,1880-05-01,39.096774193548384,408.96774193548384
73,1880-06-01,56.9,488.1666666666667
74,1880-07-01,36.54838709677419,206.06451612903226
75,1880-08-01,80.25806451612904,715.3225806451613
76,1880-09-01,110.06666666666666,926.5
77,1880-10-01,71.6774193548387,561.4516129032259
78,1880-11-01,51.13333333333333,483.06666666666666
79,1880-12-01,49.38709677419355,460.61290322580646
80,1881-01-01,60.61290322580645,585.2258064516129
81,1881-02-01,88.60714285714286,675.9285714285714
82,1881-03-01,85.7741935483871,640.483870967742
83,1881-04-01,86.06666666666666,530.2333333333333
84,1881-05-01,72.54838709677419,376.93548387096774
85,1881-06-01,100.8,612.4
86,1881-07-01,128.16129032258064,941.0645161290323
87,1881-08-01,97.29032258064517,737.9677419354839
88,1881-09-01,88.56666666666666,867.0
89,1881-10-01,107.25806451612904,705.0967741935484
90,1881-11-01,91.46666666666667,840.4333333333333
91,1881-12-01,78.83870967741936,641.1612903225806
92,1882-01-01,74.96774193548387,328.741935483871
93,1882-02-01,115.85714285714286,673.1071428571429
94,1882-03-01,111.48387096774194,928.8709677419355
95,1882-04-01,159.56666666666666,1799.0666666666666
96,1882-05-01,106.90322580645162,1519.6129032258063
97,1882-06-01,75.43333333333334,557.8333333333334
98,1882-07-01,75.6774193548387,461.5483870967742
99,1882-08-01,67.45161290322581,607.5806451612904
100,1882-09-01,96.06666666666666,1026.8666666666666
101,1882-10-01,98.64516129032258,1393.774193548387
102,1882-11-01,140.56666666666666,1931.1333333333334
103,1882-12-01,69.70967741935483,352.9032258064516
104,1883-01-01,101.03225806451613,849.7741935483871
105,1883-02-01,78.21428571428571,734.7857142857143
106,1883-03-01,71.3225806451613,621.1935483870968
107,1883-04-01,136.76666666666668,1132.5
108,1883-05-01,52.516129032258064,339.35483870967744
109,1883-06-01,127.23333333333333,1451.4333333333334
110,1883-07-01,134.3548387096774,2007.6774193548388
111,1883-08-01,76.61290322580645,595.5806451612904
112,1883-09-01,87.76666666666667,1230.2333333333333
113,1883-10-01,139.61290322580646,1793.3225806451612
114,1883-11-01,140.8,1725.6
115,1883-12-01,126.48387096774194,1305.3870967741937
116,1884-01-01,152.58064516129033,1669.741935483871
117,1884-02-01,144.82758620689654,1536.9310344827586
118,1884-03-01,145.7741935483871,1207.258064516129
119,1884-04-01,126.9,1581.2333333333333
120,1884-05-01,110.90322580645162,1210.8064516129032
121,1884-06-01,85.33333333333333,501.56666666666666
122,1884-07-01,88.45161290322581,561.2903225806451
123,1884-08-01,93.06451612903226,727.1290322580645
124,1884-09-01,103.13333333333334,1115.1333333333334
125,1884-10-01,79.58064516129032,994.516129032258
126,1884-11-01,60.93333333333333,438.03333333333336
127,1884-12-01,78.58064516129032,865.9677419354839
128,1885-01-01,71.38709677419355,495.4516129032258
129,1885-02-01,119.67857142857143,1083.0714285714287
130,1885-03-01,82.93548387096774,746.9677419354839
131,1885-04-01,91.7,855.3666666666667
132,1885-05-01,121.64516129032258,990.7096774193549
133,1885-06-01,139.46666666666667,1645.7
134,1885-07-01,110.87096774193549,1155.4193548387098
135,1885-08-01,83.45161290322581,578.741935483871
136,1885-09-01,66.03333333333333,646.0333333333333
137,1885-10-01,64.51612903225806,718.5483870967741
138,1885-11-01,51.56666666666667,425.2
139,1885-12-01,36.25806451612903,220.48387096774192
140,1886-01-01,49.83870967741935,509.38709677419354
141,1886-02-01,43.17857142857143,312.92857142857144
142,1886-03-01,95.48387096774194,1032.1935483870968
143,1886-04-01,72.9,623.6
144,1886-05-01,51.225806451612904,688.4193548387096
145,1886-06-01,45.3,398.06666666666666
146,1886-07-01,50.38709677419355,395.38709677419354
147,1886-08-01,28.06451612903226,115.38709677419355
148,1886-09-01,35.666666666666664,193.6
149,1886-10-01,14.419354838709678,57.45161290322581
150,1886-11-01,0.5666666666666667,1.6
151,1886-12-01,21.741935483870968,189.70967741935485
152,1887-01-01,17.0,77.16129032258064
153,1887-02-01,21.964285714285715,75.57142857142857
154,1887-03-01,7.064516129032258,30.548387096774192
155,1887-04-01,11.566666666666666,44.8
156,1887-05-01,33.38709677419355,252.67741935483872
157,1887-06-01,26.1,302.1
158,1887-07-01,38.903225806451616,370.51612903225805
159,1887-08-01,35.70967741935484,162.8709677419355
160,1887-09-01,12.4,121.76666666666667
161,1887-10-01,10.96774193548387,54.03225806451613
162,1887-11-01,11.5,52.266666666666666
163,1887-12-01,34.516129032258064,561.4516129032259
164,1888-01-01,21.161290322580644,117.38709677419355
165,1888-02-01,11.793103448275861,88.27586206896552
166,1888-03-01,13.064516129032258,85.38709677419355
167,1888-04-01,8.466666666666667,26.0
168,1888-05-01,11.741935483870968,185.61290322580646
169,1888-06-01,11.766666666666667,32.5
170,1888-07-01,5.032258064516129,22.193548387096776
171,1888-08-01,4.645161290322581,65.25806451612904
172,1888-09-01,14.566666666666666,98.7
173,1888-10-01,3.4193548387096775,10.516129032258064
174,1888-11-01,17.866666666666667,240.26666666666668
175,1888-12-01,11.096774193548388,77.0
176,1889-01-01,1.3225806451612903,2.3548387096774195
177,1889-02-01,14.178571428571429,26.857142857142858
178,1889-03-01,11.129032258064516,27.806451612903224
179,1889-04-01,7.333333333333333,26.933333333333334
180,1889-05-01,3.967741935483871,14.419354838709678
181,1889-06-01,10.766666666666667,217.16666666666666
182,1889-07-01,15.774193548387096,153.48387096774192
183,1889-08-01,34.29032258064516,282.258064516129
184,1889-09-01,10.866666666666667,89.93333333333334
185,1889-10-01,3.4193548387096775,11.612903225806452
186,1889-11-01,0.3,0.0
187,1889-12-01,11.193548387096774,66.41935483870968
188,1890-01-01,8.838709677419354,42.25806451612903
189,1890-02-01,1.0714285714285714,1.3928571428571428
190,1890-03-01,8.483870967741936,69.51612903225806
191,1890-04-01,2.6666666666666665,8.933333333333334
192,1890-05-01,7.935483870967742,21.774193548387096
193,1890-06-01,2.2,9.266666666666667
194,1890-07-01,19.322580645161292,135.32258064516128
195,1890-08-01,14.161290322580646,157.61290322580646
196,1890-09-01,28.633333333333333,221.36666666666667
197,1890-10-01,18.612903225806452,245.61290322580646
198,1890-11-01,15.933333333333334,181.46666666666667
199,1890-12-01,13.064516129032258,75.96774193548387
200,1891-01-01,22.548387096774192,198.06451612903226
201,1891-02-01,36.92857142857143,266.7142857142857
202,1891-03-01,17.193548387096776,158.67741935483872
203,1891-04-01,34.233333333333334,354.3666666666667
204,1891-05-01,68.48387096774194,553.3870967741935
205,1891-06-01,80.43333333333334,594.4666666666667
206,1891-07-01,98.0,1021.8709677419355
207,1891-08-01,55.064516129032256,550.6774193548387
208,1891-09-01,89.73333333333333,1301.4333333333334
209,1891-10-01,86.0,605.3225806451613
210,1891-11-01,69.83333333333333,637.4
211,1891-12-01,54.25806451612903,541.1935483870968
212,1892-01-01,115.2258064516129,1252.6774193548388
213,1892-02-01,126.06896551724138,1664.7586206896551
214,1892-03-01,83.25806451612904,757.7741935483871
215,1892-04-01,116.03333333333333,994.2666666666667
216,1892-05-01,132.70967741935485,1541.774193548387
217,1892-06-01,127.3,1117.6666666666667
218,1892-07-01,127.58064516129032,1920.741935483871
219,1892-08-01,169.0,1429.4516129032259
220,1892-09-01,104.66666666666667,1002.7333333333333
221,1892-10-01,117.48387096774194,910.9032258064516
222,1892-11-01,108.9,953.6
223,1892-12-01,131.03225806451613,865.4516129032259
224,1893-01-01,125.0,1158.0967741935483
225,1893-02-01,121.64285714285714,1283.75
226,1893-03-01,109.54838709677419,931.8709677419355
227,1893-04-01,146.8,1178.4333333333334
228,1893-05-01,141.29032258064515,1161.8387096774193
229,1893-06-01,149.83333333333334,1333.0333333333333
230,1893-07-01,147.58064516129033,1573.774193548387
231,1893-08-01,215.3548387096774,2340.8387096774195
232,1893-09-01,129.86666666666667,1644.4666666666667
233,1893-10-01,133.25806451612902,1503.967741935484
234,1893-11-01,125.2,1312.7333333333333
235,1893-12-01,156.3548387096774,1962.258064516129
236,1894-01-01,138.61290322580646,1514.258064516129
237,1894-02-01,141.03571428571428,1486.2142857142858
238,1894-03-01,87.09677419354838,623.5483870967741
239,1894-04-01,136.03333333333333,1603.6333333333334
240,1894-05-01,168.67741935483872,1779.0645161290322
241,1894-06-01,164.8,1898.3666666666666
242,1894-07-01,176.67741935483872,1740.6129032258063
243,1894-08-01,117.09677419354838,1164.5483870967741
244,1894-09-01,110.0,666.2
245,1894-10-01,125.6774193548387,1227.8387096774193
246,1894-11-01,94.3,585.4
247,1894-12-01,100.12903225806451,1038.516129032258
248,1895-01-01,105.41935483870968,911.5806451612904
249,1895-02-01,112.0,937.0714285714286
250,1895-03-01,101.61290322580645,1018.0
251,1895-04-01,128.2,1074.5
252,1895-05-01,112.45161290322581,901.8064516129032
253,1895-06-01,119.13333333333334,1143.4666666666667
254,1895-07-01,79.6774193548387,465.16129032258067
255,1895-08-01,114.93548387096774,1376.032258064516
256,1895-09-01,96.13333333333334,831.7
257,1895-10-01,113.16129032258064,1231.8387096774193
258,1895-11-01,78.63333333333334,722.4666666666667
259,1895-12-01,117.87096774193549,1037.1290322580646
260,1896-01-01,48.354838709677416,285.03225806451616
261,1896-02-01,95.6896551724138,868.9655172413793
262,1896-03-01,86.48387096774194,543.6129032258065
263,1896-04-01,73.0,423.5
264,1896-05-01,46.096774193548384,181.1290322580645
265,1896-06-01,81.7,820.6
266,1896-07-01,75.16129032258064,513.4193548387096
267,1896-08-01,45.41935483870968,264.741935483871
268,1896-09-01,102.2,1182.6
269,1896-10-01,47.87096774193548,303.64516129032256
270,1896-11-01,63.333333333333336,608.5666666666667
271,1896-12-01,71.0,533.0967741935484
272,1897-01-01,67.64516129032258,1330.967741935484
273,1897-02-01,48.964285714285715,880.0357142857143
274,1897-03-01,48.67741935483871,523.7741935483871
275,1897-04-01,51.666666666666664,384.06666666666666
276,1897-05-01,33.25806451612903,398.258064516129
277,1897-06-01,18.933333333333334,217.46666666666667
278,1897-07-01,46.064516129032256,189.2258064516129
279,1897-08-01,36.354838709677416,492.741935483871
280,1897-09-01,80.36666666666666,703.9
281,1897-10-01,23.903225806451612,82.70967741935483
282,1897-11-01,14.0,34.233333333333334
283,1897-12-01,55.45161290322581,750.258064516129
284,1898-01-01,50.354838709677416,411.03225806451616
285,1898-02-01,60.67857142857143,523.9642857142857
286,1898-03-01,63.87096774193548,624.5483870967741
287,1898-04-01,24.2,159.06666666666666
288,1898-05-01,43.0,247.5483870967742
289,1898-06-01,37.13333333333333,64.76666666666667
290,1898-07-01,15.03225806451613,48.064516129032256
291,1898-08-01,52.29032258064516,463.83870967741933
292,1898-09-01,58.06666666666667,858.2333333333333
293,1898-10-01,57.12903225806452,605.5483870967741
294,1898-11-01,51.6,317.43333333333334
295,1898-12-01,21.06451612903226,166.48387096774192
296,1899-01-01,32.38709677419355,215.6451612903226
297,1899-02-01,15.321428571428571,38.642857142857146
298,1899-03-01,30.258064516129032,280.64516129032256
299,1899-04-01,23.633333333333333,143.73333333333332
300,1899-05-01,12.903225806451612,50.67741935483871
301,1899-06-01,34.13333333333333,203.3
302,1899-07-01,22.548387096774192,197.09677419354838
303,1899-08-01,4.903225806451613,1.3870967741935485
304,1899-09-01,14.0,25.4
305,1899-10-01,21.70967741935484,74.80645161290323
306,1899-11-01,13.033333333333333,32.86666666666667
307,1899-12-01,17.580645161290324,54.16129032258065
308,1900-01-01,15.67741935483871,56.45161290322581
309,1900-02-01,22.821428571428573,102.03571428571429
310,1900-03-01,14.35483870967742,151.48387096774192
311,1900-04-01,26.766666666666666,97.36666666666666
312,1900-05-01,25.322580645161292,127.58064516129032
313,1900-06-01,20.133333333333333,113.73333333333333
314,1900-07-01,13.935483870967742,51.516129032258064
315,1900-08-01,7.129032258064516,10.709677419354838
316,1900-09-01,13.866666666666667,23.1
317,1900-10-01,21.612903225806452,138.2258064516129
318,1900-11-01,7.533333333333333,11.6
319,1900-12-01,0.4838709677419355,0.0
320,1901-01-01,0.3870967741935484,0.22580645161290322
321,1901-02-01,4.035714285714286,6.357142857142857
322,1901-03-01,7.387096774193548,13.32258064516129
323,1901-04-01,0.0,0.0
324,1901-05-01,17.0,208.48387096774192
325,1901-06-01,9.666666666666666,41.56666666666667
326,1901-07-01,1.1612903225806452,0.967741935483871
327,1901-08-01,1.7096774193548387,0.0
328,1901-09-01,0.9333333333333333,0.23333333333333334
329,1901-10-01,6.258064516129032,14.774193548387096
330,1901-11-01,6.4,48.3
331,1901-12-01,0.0,0.0
332,1902-01-01,9.290322580645162,98.25806451612904
333,1902-02-01,0.0,0.39285714285714285
334,1902-03-01,20.677419354838708,173.96774193548387
335,1902-04-01,0.0,0.0
336,1902-05-01,4.67741935483871,36.096774193548384
337,1902-06-01,2.4,5.866666666666666
338,1902-07-01,1.5161290322580645,0.3225806451612903
339,1902-08-01,3.774193548387097,2.3548387096774195
340,1902-09-01,12.633333333333333,76.03333333333333
341,1902-10-01,27.193548387096776,161.38709677419354
342,1902-11-01,17.166666666666668,149.63333333333333
343,1902-12-01,1.8064516129032258,3.5161290322580645
344,1903-01-01,13.870967741935484,29.967741935483872
345,1903-02-01,28.428571428571427,129.85714285714286
346,1903-03-01,22.483870967741936,189.83870967741936
347,1903-04-01,43.53333333333333,325.1
348,1903-05-01,24.322580645161292,84.06451612903226
349,1903-06-01,27.2,98.86666666666666
350,1903-07-01,46.354838709677416,241.51612903225808
351,1903-08-01,48.0,112.7741935483871
352,1903-09-01,18.5,84.4
353,1903-10-01,64.7741935483871,1204.6774193548388
354,1903-11-01,74.23333333333333,911.2666666666667
355,1903-12-01,76.16129032258064,596.741935483871
356,1904-01-01,52.61290322580645,398.38709677419354
357,1904-02-01,40.793103448275865,333.51724137931035
358,1904-03-01,61.935483870967744,363.7096774193548
359,1904-04-01,71.63333333333334,901.3333333333334
360,1904-05-01,65.74193548387096,268.06451612903226
361,1904-06-01,69.8,330.43333333333334
362,1904-07-01,84.25806451612904,511.2903225806452
363,1904-08-01,97.09677419354838,576.1612903225806
364,1904-09-01,50.166666666666664,254.63333333333333
365,1904-10-01,90.35483870967742,634.9354838709677
366,1904-11-01,63.36666666666667,470.46666666666664
367,1904-12-01,91.09677419354838,777.9032258064516
368,1905-01-01,91.19354838709677,1065.0967741935483
369,1905-02-01,143.0,1983.392857142857
370,1905-03-01,94.25806451612904,1297.6774193548388
371,1905-04-01,65.5,408.4
372,1905-05-01,79.93548387096774,667.5806451612904
373,1905-06-01,81.56666666666666,651.3666666666667
374,1905-07-01,121.64516129032258,1585.2903225806451
375,1905-08-01,98.12903225806451,1159.516129032258
376,1905-09-01,91.76666666666667,696.2
377,1905-10-01,131.16129032258064,2060.451612903226
378,1905-11-01,178.66666666666666,1946.3
379,1905-12-01,92.54838709677419,793.6774193548387
380,1906-01-01,75.80645161290323,736.483870967742
381,1906-02-01,52.25,395.14285714285717
382,1906-03-01,107.41935483870968,1057.3870967741937
383,1906-04-01,92.16666666666667,687.9333333333333
384,1906-05-01,96.2258064516129,1105.483870967742
385,1906-06-01,105.26666666666667,749.3333333333334
386,1906-07-01,172.67741935483872,1446.9032258064517
387,1906-08-01,79.58064516129032,738.516129032258
388,1906-09-01,93.46666666666667,516.2666666666667
389,1906-10-01,29.741935483870968,98.6774193548387
390,1906-11-01,64.83333333333333,560.7333333333333
391,1906-12-01,107.96774193548387,1168.0645161290322
392,1907-01-01,127.35483870967742,1196.6774193548388
393,1907-02-01,180.25,2453.0
394,1907-03-01,101.12903225806451,809.0322580645161
395,1907-04-01,87.6,700.8666666666667
396,1907-05-01,71.41935483870968,608.2903225806451
397,1907-06-01,67.16666666666667,949.4
398,1907-07-01,82.87096774193549,882.5483870967741
399,1907-08-01,90.45161290322581,824.483870967742
400,1907-09-01,141.66666666666666,1410.2
401,1907-10-01,109.06451612903226,1193.4193548387098
402,1907-11-01,102.46666666666667,1074.6333333333334
403,1907-12-01,78.90322580645162,1002.7741935483871
404,1908-01-01,65.35483870967742,507.19354838709677
405,1908-02-01,56.62068965517241,270.37931034482756
406,1908-03-01,47.87096774193548,217.8709677419355
407,1908-04-01,96.06666666666666,707.2666666666667
408,1908-05-01,68.03225806451613,508.7096774193548
409,1908-06-01,80.16666666666667,630.7666666666667
410,1908-07-01,65.80645161290323,350.83870967741933
411,1908-08-01,150.93548387096774,1750.3870967741937
412,1908-09-01,144.9,1701.4
413,1908-10-01,53.935483870967744,369.3225806451613
414,1908-11-01,75.86666666666666,717.5333333333333
415,1908-12-01,65.93548387096774,638.1290322580645
416,1909-01-01,94.64516129032258,1192.483870967742
417,1909-02-01,77.60714285714286,774.3571428571429
418,1909-03-01,110.51612903225806,1026.5483870967741
419,1909-04-01,53.7,470.8666666666667
420,1909-05-01,59.96774193548387,503.0967741935484
421,1909-06-01,37.766666666666666,282.6666666666667
422,1909-07-01,59.645161290322584,563.516129032258
423,1909-08-01,38.516129032258064,124.70967741935483
424,1909-09-01,64.7,801.6333333333333
425,1909-10-01,97.35483870967742,866.9354838709677
426,1909-11-01,92.96666666666667,794.0333333333333
427,1909-12-01,90.2258064516129,893.258064516129
428,1910-01-01,44.03225806451613,381.7741935483871
429,1910-02-01,52.5,632.8214285714286
430,1910-03-01,35.70967741935484,287.35483870967744
431,1910-04-01,14.066666666666666,69.96666666666667
432,1910-05-01,36.935483870967744,326.7741935483871
433,1910-06-01,20.466666666666665,118.33333333333333
434,1910-07-01,23.548387096774192,186.4516129032258
435,1910-08-01,19.258064516129032,181.74193548387098
436,1910-09-01,43.733333333333334,434.43333333333334
437,1910-10-01,63.87096774193548,511.741935483871
438,1910-11-01,8.266666666666667,23.733333333333334
439,1910-12-01,9.612903225806452,37.03225806451613
440,1911-01-01,5.580645161290323,39.25806451612903
441,1911-02-01,15.035714285714286,88.53571428571429
442,1911-03-01,13.0,70.51612903225806
443,1911-04-01,27.633333333333333,259.96666666666664
444,1911-05-01,15.129032258064516,101.80645161290323
445,1911-06-01,3.7333333333333334,30.0
446,1911-07-01,5.935483870967742,11.516129032258064
447,1911-08-01,6.741935483870968,27.64516129032258
448,1911-09-01,6.666666666666667,53.1
449,1911-10-01,4.451612903225806,17.903225806451612
450,1911-11-01,6.966666666666667,57.233333333333334
451,1911-12-01,3.7096774193548385,15.451612903225806
452,1912-01-01,0.41935483870967744,0.0
453,1912-02-01,0.0,0.0
454,1912-03-01,8.225806451612904,57.38709677419355
455,1912-04-01,7.566666666666666,88.23333333333333
456,1912-05-01,7.419354838709677,21.387096774193548
457,1912-06-01,6.933333333333334,84.36666666666666
458,1912-07-01,4.903225806451613,9.516129032258064
459,1912-08-01,0.4838709677419355,0.25806451612903225
460,1912-09-01,15.933333333333334,47.266666666666666
461,1912-10-01,7.645161290322581,54.96774193548387
462,1912-11-01,1.9,2.8666666666666667
463,1912-12-01,10.64516129032258,81.58064516129032
464,1913-01-01,3.774193548387097,14.774193548387096
465,1913-02-01,4.785714285714286,23.25
466,1913-03-01,0.7741935483870968,0.8064516129032258
467,1913-04-01,1.5666666666666667,3.2666666666666666
468,1913-05-01,0.0,0.0
469,1913-06-01,0.0,0.0
470,1913-07-01,2.903225806451613,6.774193548387097
471,1913-08-01,0.3870967741935484,0.0
472,1913-09-01,1.9666666666666666,3.6
473,1913-10-01,5.193548387096774,14.838709677419354
474,1913-11-01,1.1666666666666667,5.233333333333333
475,1913-12-01,6.32258064516129,17.774193548387096
476,1914-01-01,4.709677419354839,13.03225806451613
477,1914-02-01,4.428571428571429,10.678571428571429
478,1914-03-01,5.258064516129032,38.67741935483871
479,1914-04-01,28.9,286.8333333333333
480,1914-05-01,8.741935483870968,69.93548387096774
481,1914-06-01,19.066666666666666,172.5
482,1914-07-01,9.064516129032258,46.67741935483871
483,1914-08-01,12.903225806451612,296.741935483871
484,1914-09-01,21.233333333333334,344.0
485,1914-10-01,13.67741935483871,33.12903225806452
486,1914-11-01,27.3,221.96666666666667
487,1914-12-01,37.25806451612903,294.51612903225805
488,1915-01-01,38.483870967741936,302.51612903225805
489,1915-02-01,70.35714285714286,670.5714285714286
490,1915-03-01,64.7741935483871,483.0967741935484
491,1915-04-01,68.86666666666666,964.9333333333333
492,1915-05-01,55.096774193548384,528.3225806451613
493,1915-06-01,114.73333333333333,969.0
494,1915-07-01,119.41935483870968,1307.8709677419354
495,1915-08-01,116.03225806451613,946.2258064516129
496,1915-09-01,82.43333333333334,749.9666666666667
497,1915-10-01,89.12903225806451,647.3225806451613
498,1915-11-01,70.93333333333334,444.9
499,1915-12-01,57.483870967741936,358.5483870967742
500,1916-01-01,75.51612903225806,509.5806451612903
501,1916-02-01,92.37931034482759,712.5862068965517
502,1916-03-01,111.6774193548387,950.9354838709677
503,1916-04-01,119.76666666666667,806.4333333333333
504,1916-05-01,123.96774193548387,1037.8064516129032
505,1916-06-01,112.9,1118.3
506,1916-07-01,89.3225806451613,572.483870967742
507,1916-08-01,58.58064516129032,338.9032258064516
508,1916-09-01,75.06666666666666,466.1666666666667
509,1916-10-01,84.54838709677419,721.9677419354839
510,1916-11-01,109.46666666666667,637.5333333333333
511,1916-12-01,88.25806451612904,794.1935483870968
512,1917-01-01,124.54838709677419,1045.8064516129032
513,1917-02-01,119.85714285714286,1415.357142857143
514,1917-03-01,158.0,1152.9032258064517
515,1917-04-01,124.6,919.6666666666666
516,1917-05-01,190.2258064516129,1445.9032258064517
517,1917-06-01,191.43333333333334,1717.2
518,1917-07-01,199.74193548387098,1554.032258064516
519,1917-08-01,257.7096774193548,2977.6774193548385
520,1917-09-01,215.56666666666666,1875.0
521,1917-10-01,120.3225806451613,978.483870967742
522,1917-11-01,160.73333333333332,1027.8666666666666
523,1917-12-01,215.51612903225808,2297.0967741935483
524,1918-01-01,159.96774193548387,1797.3870967741937
525,1918-02-01,108.71428571428571,800.3571428571429
526,1918-03-01,120.41935483870968,854.1612903225806
527,1918-04-01,134.13333333333333,979.4333333333333
528,1918-05-01,127.87096774193549,953.258064516129
529,1918-06-01,99.0,567.5333333333333
530,1918-07-01,179.4516129032258,1281.516129032258
531,1918-08-01,169.6451612903226,1805.0645161290322
532,1918-09-01,133.2,944.3666666666667
533,1918-10-01,141.70967741935485,1229.0967741935483
534,1918-11-01,138.96666666666667,1006.1
535,1918-12-01,98.54838709677419,1097.7096774193549
536,1919-01-01,80.16129032258064,623.483870967742
537,1919-02-01,132.46428571428572,1363.4285714285713
538,1919-03-01,110.87096774193549,1190.1935483870968
539,1919-04-01,86.33333333333333,707.5
540,1919-05-01,146.8709677419355,1651.2903225806451
541,1919-06-01,185.26666666666668,1876.6333333333334
542,1919-07-01,107.83870967741936,902.3548387096774
543,1919-08-01,115.06451612903226,1383.8709677419354
544,1919-09-01,91.13333333333334,1095.4333333333334
545,1919-10-01,87.96774193548387,774.4193548387096
546,1919-11-01,69.9,761.2333333333333
547,1919-12-01,58.0,326.4193548387097
548,1920-01-01,85.25806451612904,1167.1935483870968
549,1920-02-01,89.82758620689656,552.9655172413793
550,1920-03-01,116.90322580645162,1416.032258064516
551,1920-04-01,24.666666666666668,327.8333333333333
552,1920-05-01,55.41935483870968,301.4193548387097
553,1920-06-01,64.56666666666666,539.1666666666666
554,1920-07-01,45.70967741935484,407.1290322580645
555,1920-08-01,31.93548387096774,183.6451612903226
556,1920-09-01,60.53333333333333,851.6333333333333
557,1920-10-01,82.70967741935483,617.5806451612904
558,1920-11-01,45.3,603.4
559,1920-12-01,49.83870967741935,439.16129032258067
560,1921-01-01,52.54838709677419,490.6774193548387
561,1921-02-01,47.142857142857146,317.9642857142857
562,1921-03-01,44.483870967741936,392.61290322580646
563,1921-04-01,53.96666666666667,448.56666666666666
564,1921-05-01,37.0,604.0322580645161
565,1921-06-01,56.166666666666664,387.3666666666667
566,1921-07-01,69.74193548387096,577.3870967741935
567,1921-08-01,37.96774193548387,270.80645161290323
568,1921-09-01,29.6,332.8666666666667
569,1921-10-01,30.322580645161292,310.64516129032256
570,1921-11-01,29.6,505.4
571,1921-12-01,33.903225806451616,397.03225806451616
572,1922-01-01,19.741935483870968,90.48387096774194
573,1922-02-01,43.92857142857143,492.9642857142857
574,1922-03-01,91.25806451612904,1235.8709677419354
575,1922-04-01,18.333333333333332,85.36666666666666
576,1922-05-01,13.35483870967742,123.80645161290323
577,1922-06-01,9.8,16.1
578,1922-07-01,18.29032258064516,116.7741935483871
579,1922-08-01,10.935483870967742,86.61290322580645
580,1922-09-01,7.8,57.5
581,1922-10-01,10.35483870967742,63.54838709677419
582,1922-11-01,12.233333333333333,176.3
583,1922-12-01,29.032258064516128,478.06451612903226
584,1923-01-01,7.548387096774194,93.54838709677419
585,1923-02-01,2.5,1.8214285714285714
586,1923-03-01,5.483870967741935,16.032258064516128
587,1923-04-01,10.233333333333333,30.433333333333334
588,1923-05-01,5.32258064516129,19.451612903225808
589,1923-06-01,15.266666666666667,73.56666666666666
590,1923-07-01,5.935483870967742,29.322580645161292
591,1923-08-01,0.8064516129032258,1.7419354838709677
592,1923-09-01,22.133333333333333,134.43333333333334
593,1923-10-01,19.483870967741936,117.16129032258064
594,1923-11-01,16.733333333333334,112.7
595,1923-12-01,4.645161290322581,25.806451612903224
596,1924-01-01,0.8064516129032258,1.6774193548387097
597,1924-02-01,8.482758620689655,68.03448275862068
598,1924-03-01,3.0,33.25806451612903
599,1924-04-01,18.933333333333334,148.53333333333333
600,1924-05-01,34.61290322580645,246.7741935483871
601,1924-06-01,39.96666666666667,427.03333333333336
602,1924-07-01,46.935483870967744,358.5483870967742
603,1924-08-01,32.12903225806452,360.3225806451613
604,1924-09-01,41.9,422.76666666666665
605,1924-10-01,42.61290322580645,468.5483870967742
606,1924-11-01,37.5,588.1666666666666
607,1924-12-01,27.483870967741936,192.25806451612902
608,1925-01-01,9.096774193548388,36.193548387096776
609,1925-02-01,38.607142857142854,313.64285714285717
610,1925-03-01,29.967741935483872,231.03225806451613
611,1925-04-01,52.96666666666667,311.8
612,1925-05-01,71.35483870967742,703.1612903225806
613,1925-06-01,79.06666666666666,648.2666666666667
614,1925-07-01,64.19354838709677,426.1290322580645
615,1925-08-01,63.25806451612903,473.741935483871
616,1925-09-01,100.3,759.7333333333333
617,1925-10-01,115.3225806451613,1304.9032258064517
618,1925-11-01,97.6,1432.5333333333333
619,1925-12-01,164.38709677419354,3259.8709677419356
620,1926-01-01,119.70967741935483,2695.0
621,1926-02-01,116.42857142857143,1915.8214285714287
622,1926-03-01,104.19354838709677,1272.774193548387
623,1926-04-01,64.16666666666667,469.03333333333336
624,1926-05-01,107.0,1085.9032258064517
625,1926-06-01,122.36666666666666,1277.2
626,1926-07-01,87.2258064516129,842.4516129032259
627,1926-08-01,102.70967741935483,874.516129032258
628,1926-09-01,101.43333333333334,1216.3
629,1926-10-01,119.25806451612904,1418.6451612903227
630,1926-11-01,100.83333333333333,650.3333333333334
631,1926-12-01,132.38709677419354,1439.8709677419354
632,1927-01-01,136.0,1810.0
633,1927-02-01,155.07142857142858,1364.75
634,1927-03-01,116.06451612903226,902.2903225806451
635,1927-04-01,155.83333333333334,1378.9666666666667
636,1927-05-01,131.90322580645162,967.2903225806451
637,1927-06-01,98.5,873.6
638,1927-07-01,91.58064516129032,811.7741935483871
639,1927-08-01,89.64516129032258,1030.1290322580646
640,1927-09-01,114.06666666666666,1173.0666666666666
641,1927-10-01,105.19354838709677,819.3225806451613
642,1927-11-01,112.1,975.2333333333333
643,1927-12-01,75.29032258064517,623.0967741935484
644,1928-01-01,139.2258064516129,1509.1612903225807
645,1928-02-01,122.44827586206897,1146.2068965517242
646,1928-03-01,142.41935483870967,1694.2903225806451
647,1928-04-01,134.33333333333334,1368.1
648,1928-05-01,128.25806451612902,1243.1290322580646
649,1928-06-01,152.4,1358.9
650,1928-07-01,163.38709677419354,1936.4193548387098
651,1928-08-01,139.58064516129033,1331.8709677419354
652,1928-09-01,149.56666666666666,2213.4666666666667
653,1928-10-01,102.25806451612904,992.516129032258
654,1928-11-01,83.93333333333334,794.4
655,1928-12-01,98.3225806451613,1078.483870967742
656,1929-01-01,114.7741935483871,980.0967741935484
657,1929-02-01,104.67857142857143,821.5714285714286
658,1929-03-01,83.7741935483871,1058.032258064516
659,1929-04-01,87.93333333333334,1036.9666666666667
660,1929-05-01,97.0,849.3870967741935
661,1929-06-01,119.86666666666666,1198.9666666666667
662,1929-07-01,117.12903225806451,1026.9354838709678
663,1929-08-01,109.61290322580645,744.0322580645161
664,1929-09-01,57.266666666666666,278.03333333333336
665,1929-10-01,90.09677419354838,1309.9354838709678
666,1929-11-01,135.13333333333333,2478.766666666667
667,1929-12-01,179.93548387096774,3084.2903225806454
668,1930-01-01,108.83870967741936,1141.2903225806451
669,1930-02-01,83.14285714285714,683.7142857142857
670,1930-03-01,58.38709677419355,656.7096774193549
671,1930-04-01,63.7,561.5333333333333
672,1930-05-01,61.38709677419355,490.3225806451613
673,1930-06-01,48.0,278.7
674,1930-07-01,36.54838709677419,152.93548387096774
675,1930-08-01,41.516129032258064,283.06451612903226
676,1930-09-01,53.53333333333333,368.1666666666667
677,1930-10-01,57.225806451612904,682.258064516129
678,1930-11-01,59.36666666666667,661.3333333333334
679,1930-12-01,43.0,239.32258064516128
680,1931-01-01,24.419354838709676,179.70967741935485
681,1931-02-01,71.82142857142857,812.0714285714286
682,1931-03-01,50.064516129032256,552.6129032258065
683,1931-04-01,51.96666666666667,431.8333333333333
684,1931-05-01,40.806451612903224,291.64516129032256
685,1931-06-01,25.5,178.5
686,1931-07-01,29.0,108.58064516129032
687,1931-08-01,21.612903225806452,82.87096774193549
688,1931-09-01,31.7,149.13333333333333
689,1931-10-01,16.580645161290324,94.48387096774194
690,1931-11-01,31.2,263.1666666666667
691,1931-12-01,29.677419354838708,204.19354838709677
692,1932-01-01,20.06451612903226,127.06451612903226
693,1932-02-01,17.620689655172413,123.48275862068965
694,1932-03-01,18.806451612903224,150.41935483870967
695,1932-04-01,18.666666666666668,222.53333333333333
696,1932-05-01,29.741935483870968,322.96774193548384
697,1932-06-01,36.93333333333333,343.96666666666664
698,1932-07-01,16.032258064516128,116.09677419354838
699,1932-08-01,11.32258064516129,79.93548387096774
700,1932-09-01,6.6,8.633333333333333
701,1932-10-01,14.774193548387096,71.0
702,1932-11-01,13.7,125.2
703,1932-12-01,18.451612903225808,266.4516129032258
704,1933-01-01,20.387096774193548,179.80645161290323
705,1933-02-01,36.892857142857146,608.5
706,1933-03-01,16.838709677419356,162.25806451612902
707,1933-04-01,4.9,15.366666666666667
708,1933-05-01,5.258064516129032,15.709677419354838
709,1933-06-01,8.666666666666666,39.03333333333333
710,1933-07-01,4.709677419354839,12.225806451612904
711,1933-08-01,0.3870967741935484,0.3225806451612903
712,1933-09-01,8.5,19.533333333333335
713,1933-10-01,5.0,37.29032258064516
714,1933-11-01,1.0,4.333333333333333
715,1933-12-01,0.41935483870967744,0.7419354838709677
716,1934-01-01,5.67741935483871,42.83870967741935
717,1934-02-01,12.928571428571429,58.892857142857146
718,1934-03-01,7.193548387096774,11.419354838709678
719,1934-04-01,18.8,355.03333333333336
720,1934-05-01,32.903225806451616,373.38709677419354
721,1934-06-01,11.166666666666666,99.7
722,1934-07-01,15.32258064516129,105.90322580645162
723,1934-08-01,13.903225806451612,96.51612903225806
724,1934-09-01,6.7,21.066666666666666
725,1934-10-01,9.548387096774194,21.06451612903226
726,1934-11-01,14.466666666666667,79.86666666666666
727,1934-12-01,25.677419354838708,152.96774193548387
728,1935-01-01,31.096774193548388,312.2258064516129
729,1935-02-01,34.142857142857146,256.07142857142856
730,1935-03-01,38.483870967741936,196.93548387096774
731,1935-04-01,20.366666666666667,126.23333333333333
732,1935-05-01,45.38709677419355,361.80645161290323
733,1935-06-01,76.16666666666667,690.2333333333333
734,1935-07-01,56.483870967741936,571.7741935483871
735,1935-08-01,50.225806451612904,444.5483870967742
736,1935-09-01,70.1,544.7
737,1935-10-01,88.74193548387096,741.4193548387096
738,1935-11-01,107.0,1557.1333333333334
739,1935-12-01,102.45161290322581,1661.967741935484
740,1936-01-01,104.6774193548387,1647.3548387096773
741,1936-02-01,123.89655172413794,1226.655172413793
742,1936-03-01,128.41935483870967,1128.0
743,1936-04-01,124.8,1044.5666666666666
744,1936-05-01,90.93548387096774,566.0
745,1936-06-01,116.7,804.2333333333333
746,1936-07-01,87.16129032258064,628.7741935483871
747,1936-08-01,144.96774193548387,952.0322580645161
748,1936-09-01,126.66666666666667,924.1
749,1936-10-01,148.2258064516129,1084.774193548387
750,1936-11-01,192.3,1938.1
751,1936-12-01,205.61290322580646,1745.3548387096773
752,1937-01-01,220.8709677419355,2252.935483870968
753,1937-02-01,214.07142857142858,2347.5
754,1937-03-01,139.74193548387098,1142.9032258064517
755,1937-04-01,182.16666666666666,2256.6
756,1937-05-01,194.38709677419354,2337.2580645161293
757,1937-06-01,217.13333333333333,2712.5
758,1937-07-01,241.80645161290323,3363.3870967741937
759,1937-08-01,229.48387096774192,2504.064516129032
760,1937-09-01,167.86666666666667,1504.4666666666667
761,1937-10-01,208.16129032258064,2358.3548387096776
762,1937-11-01,123.93333333333334,852.8333333333334
763,1937-12-01,147.93548387096774,1240.4193548387098
764,1938-01-01,163.96774193548387,2264.8387096774195
765,1938-02-01,198.64285714285714,1744.0357142857142
766,1938-03-01,144.16129032258064,1473.4516129032259
767,1938-04-01,168.36666666666667,2365.633333333333
768,1938-05-01,212.29032258064515,2319.6774193548385
769,1938-06-01,162.63333333333333,1322.8333333333333
770,1938-07-01,275.61290322580646,3163.2580645161293
771,1938-08-01,192.80645161290323,1678.741935483871
772,1938-09-01,149.33333333333334,1603.4333333333334
773,1938-10-01,165.25806451612902,1917.2903225806451
774,1938-11-01,203.6,2412.9333333333334
775,1938-12-01,154.74193548387098,1916.774193548387
776,1939-01-01,133.8709677419355,1159.1290322580646
777,1939-02-01,129.0,1031.1785714285713
778,1939-03-01,107.7741935483871,763.2258064516129
779,1939-04-01,181.9,1999.7333333333333
780,1939-05-01,197.32258064516128,1751.0
781,1939-06-01,168.3,1130.6333333333334
782,1939-07-01,162.6451612903226,1962.3870967741937
783,1939-08-01,176.32258064516128,2326.9032258064517
784,1939-09-01,187.7,3165.1
785,1939-10-01,146.90322580645162,1920.258064516129
786,1939-11-01,113.66666666666667,1170.6
787,1939-12-01,70.16129032258064,541.8709677419355
788,1940-01-01,84.09677419354838,1158.516129032258
789,1940-02-01,99.06896551724138,963.6551724137931
790,1940-03-01,138.8709677419355,1467.4516129032259
791,1940-04-01,101.06666666666666,642.0666666666667
792,1940-05-01,90.61290322580645,668.2903225806451
793,1940-06-01,139.8,1297.0333333333333
794,1940-07-01,112.48387096774194,893.0645161290323
795,1940-08-01,175.8709677419355,1899.8387096774193
796,1940-09-01,110.76666666666667,945.8333333333334
797,1940-10-01,91.54838709677419,1057.6129032258063
798,1940-11-01,97.4,594.3
799,1940-12-01,113.7741935483871,858.3225806451613
800,1941-01-01,76.12903225806451,483.9032258064516
801,1941-02-01,74.28571428571429,478.89285714285717
802,1941-03-01,77.45161290322581,519.483870967742
803,1941-04-01,54.56666666666667,347.26666666666665
804,1941-05-01,49.03225806451613,206.48387096774192
805,1941-06-01,99.63333333333334,775.8333333333334
806,1941-07-01,111.41935483870968,997.0967741935484
807,1941-08-01,100.12903225806451,907.8064516129032
808,1941-09-01,109.8,1347.8333333333333
809,1941-10-01,77.19354838709677,828.7096774193549
810,1941-11-01,64.0,641.6666666666666
811,1941-12-01,56.193548387096776,362.48387096774195
812,1942-01-01,59.483870967741936,361.7741935483871
813,1942-02-01,87.92857142857143,991.3214285714286
814,1942-03-01,90.38709677419355,923.5806451612904
815,1942-04-01,101.23333333333333,977.6
816,1942-05-01,41.774193548387096,275.51612903225805
817,1942-06-01,18.9,89.46666666666667
818,1942-07-01,29.612903225806452,188.03225806451613
819,1942-08-01,33.74193548387097,242.38709677419354
820,1942-09-01,28.666666666666668,108.7
821,1942-10-01,32.0,230.93548387096774
822,1942-11-01,51.266666666666666,485.4
823,1942-12-01,37.61290322580645,253.25806451612902
824,1943-01-01,20.741935483870968,72.3225806451613
825,1943-02-01,48.107142857142854,551.6071428571429
826,1943-03-01,45.74193548387097,628.0
827,1943-04-01,43.53333333333333,753.1666666666666
828,1943-05-01,23.580645161290324,248.6451612903226
829,1943-06-01,12.733333333333333,36.733333333333334
830,1943-07-01,22.0,239.96774193548387
831,1943-08-01,32.32258064516129,142.70967741935485
832,1943-09-01,16.733333333333334,242.0
833,1943-10-01,12.96774193548387,234.67741935483872
834,1943-11-01,17.033333333333335,126.8
835,1943-12-01,31.35483870967742,284.5806451612903
836,1944-01-01,6.096774193548387,25.64516129032258
837,1944-02-01,0.8275862068965517,1.5862068965517242
838,1944-03-01,18.258064516129032,145.29032258064515
839,1944-04-01,0.43333333333333335,0.7333333333333333
840,1944-05-01,4.096774193548387,8.806451612903226
841,1944-06-01,8.233333333333333,52.5
842,1944-07-01,8.451612903225806,24.225806451612904
843,1944-08-01,27.903225806451612,78.41935483870968
844,1944-09-01,23.733333333333334,250.06666666666666
845,1944-10-01,28.06451612903226,192.7741935483871
846,1944-11-01,17.933333333333334,177.5
847,1944-12-01,47.354838709677416,538.2903225806451
848,1945-01-01,30.774193548387096,182.25806451612902
849,1945-02-01,21.214285714285715,92.25
850,1945-03-01,35.87096774193548,514.6451612903226
851,1945-04-01,53.36666666666667,584.5666666666667
852,1945-05-01,51.0,283.0
853,1945-06-01,60.233333333333334,399.23333333333335
854,1945-07-01,71.0,505.5806451612903
855,1945-08-01,43.096774193548384,270.741935483871
856,1945-09-01,58.13333333333333,450.6666666666667
857,1945-10-01,114.54838709677419,1111.1935483870968
858,1945-11-01,76.6,398.6
859,1945-12-01,45.70967741935484,325.3225806451613
860,1946-01-01,79.3225806451613,1237.4516129032259
861,1946-02-01,143.78571428571428,3091.035714285714
862,1946-03-01,127.74193548387096,1550.9354838709678
863,1946-04-01,126.13333333333334,1433.4666666666667
864,1946-05-01,141.61290322580646,1084.9032258064517
865,1946-06-01,122.56666666666666,715.7
866,1946-07-01,193.67741935483872,2912.4193548387098
867,1946-08-01,178.67741935483872,2290.7419354838707
868,1946-09-01,157.4,1859.8333333333333
869,1946-10-01,170.5483870967742,1344.5483870967741
870,1946-11-01,206.26666666666668,1852.3666666666666
871,1946-12-01,202.8709677419355,2513.516129032258
872,1947-01-01,163.70967741935485,2307.5806451612902
873,1947-02-01,188.89285714285714,2721.0
874,1947-03-01,183.83870967741936,3595.7741935483873
875,1947-04-01,212.13333333333333,3950.3
876,1947-05-01,285.03225806451616,3741.2580645161293
877,1947-06-01,232.13333333333333,1933.8333333333333
878,1947-07-01,223.5483870967742,2451.0967741935483
879,1947-08-01,267.35483870967744,3207.3225806451615
880,1947-09-01,239.86666666666667,1991.6
881,1947-10-01,231.67741935483872,2379.7741935483873
882,1947-11-01,181.3,1686.4
883,1947-12-01,164.90322580645162,1642.5806451612902
884,1948-01-01,153.61290322580646,1113.0645161290322
885,1948-02-01,122.0,1089.5862068965516
886,1948-03-01,134.25806451612902,1261.2903225806451
887,1948-04-01,268.53333333333336,3432.1
888,1948-05-01,246.38709677419354,3305.2258064516127
889,1948-06-01,237.5,2559.4333333333334
890,1948-07-01,201.3548387096774,1766.0
891,1948-08-01,223.67741935483872,2075.2580645161293
892,1948-09-01,202.93333333333334,1864.9333333333334
893,1948-10-01,192.93548387096774,1745.2903225806451
894,1948-11-01,135.63333333333333,1006.0666666666667
895,1948-12-01,195.29032258064515,2476.9032258064517
896,1949-01-01,168.61290322580646,2240.032258064516
897,1949-02-01,258.0357142857143,3640.285714285714
898,1949-03-01,223.03225806451613,3276.7096774193546
899,1949-04-01,208.13333333333333,1882.2666666666667
900,1949-05-01,150.3548387096774,1217.0645161290322
901,1949-06-01,172.36666666666667,1606.3666666666666
902,1949-07-01,178.25806451612902,1751.967741935484
903,1949-08-01,175.32258064516128,2265.064516129032
904,1949-09-01,205.83333333333334,2185.4666666666667
905,1949-10-01,186.29032258064515,1815.032258064516
906,1949-11-01,203.2,2312.9666666666667
907,1949-12-01,166.58064516129033,1486.4516129032259
908,1950-01-01,143.8709677419355,1416.225806451613
909,1950-02-01,134.25,1927.3214285714287
910,1950-03-01,155.38709677419354,1660.2903225806451
911,1950-04-01,160.63333333333333,2359.0666666666666
912,1950-05-01,150.4516129032258,1578.0645161290322
913,1950-06-01,118.33333333333333,1048.3333333333333
914,1950-07-01,128.8709677419355,1255.7096774193549
915,1950-08-01,120.64516129032258,1068.5483870967741
916,1950-09-01,72.66666666666667,488.4
917,1950-10-01,86.96774193548387,571.0645161290323
918,1950-11-01,77.7,744.9333333333333
919,1950-12-01,76.6774193548387,610.1935483870968
920,1951-01-01,85.0,746.4193548387096
921,1951-02-01,84.82142857142857,626.7142857142857
922,1951-03-01,79.3225806451613,845.2258064516129
923,1951-04-01,131.7,1598.9666666666667
924,1951-05-01,153.67741935483872,2899.032258064516
925,1951-06-01,142.4,2477.0666666666666
926,1951-07-01,87.16129032258064,779.9354838709677
927,1951-08-01,86.45161290322581,663.9677419354839
928,1951-09-01,117.66666666666667,959.9333333333333
929,1951-10-01,73.25806451612904,757.3548387096774
930,1951-11-01,74.2,666.0333333333333
931,1951-12-01,64.96774193548387,602.483870967742
932,1952-01-01,57.87096774193548,463.96774193548384
933,1952-02-01,32.44827586206897,305.41379310344826
934,1952-03-01,31.548387096774192,141.93548387096774
935,1952-04-01,41.7,351.03333333333336
936,1952-05-01,33.61290322580645,256.5806451612903
937,1952-06-01,52.0,393.1
938,1952-07-01,56.064516129032256,654.3225806451613
939,1952-08-01,77.7741935483871,688.741935483871
940,1952-09-01,40.43333333333333,306.96666666666664
941,1952-10-01,34.193548387096776,339.48387096774195
942,1952-11-01,31.833333333333332,455.4
943,1952-12-01,48.87096774193548,477.2903225806452
944,1953-01-01,37.87096774193548,288.7096774193548
945,1953-02-01,5.892857142857143,10.5
946,1953-03-01,14.67741935483871,70.3225806451613
947,1953-04-01,39.6,405.5
948,1953-05-01,18.29032258064516,195.58064516129033
949,1953-06-01,31.5,217.83333333333334
950,1953-07-01,12.709677419354838,80.70967741935483
951,1953-08-01,33.645161290322584,268.9032258064516
952,1953-09-01,27.966666666666665,141.1
953,1953-10-01,12.290322580645162,46.96774193548387
954,1953-11-01,2.5,9.1
955,1953-12-01,3.935483870967742,6.0
956,1954-01-01,0.3548387096774194,0.7096774193548387
957,1954-02-01,0.7857142857142857,1.3928571428571428
958,1954-03-01,15.806451612903226,157.41935483870967
959,1954-04-01,2.6666666666666665,3.1666666666666665
960,1954-05-01,1.1935483870967742,0.8064516129032258
961,1954-06-01,0.36666666666666664,1.8333333333333333
962,1954-07-01,7.258064516129032,10.548387096774194
963,1954-08-01,12.612903225806452,57.96774193548387
964,1954-09-01,2.3,2.2333333333333334
965,1954-10-01,10.451612903225806,15.709677419354838
966,1954-11-01,13.4,57.8
967,1954-12-01,11.258064516129032,106.16129032258064
968,1955-01-01,33.41935483870968,540.9032258064516
969,1955-02-01,29.892857142857142,287.39285714285717
970,1955-03-01,7.290322580645161,37.193548387096776
971,1955-04-01,16.433333333333334,80.13333333333334
972,1955-05-01,41.29032258064516,302.06451612903226
973,1955-06-01,45.166666666666664,490.46666666666664
974,1955-07-01,38.193548387096776,216.38709677419354
975,1955-08-01,58.03225806451613,574.0322580645161
976,1955-09-01,60.8,436.76666666666665
977,1955-10-01,83.0,921.3225806451613
978,1955-11-01,126.26666666666667,1664.6666666666667
979,1955-12-01,108.83870967741936,1076.774193548387
980,1956-01-01,104.12903225806451,1584.0
981,1956-02-01,175.6206896551724,2878.2413793103447
982,1956-03-01,167.67741935483872,1855.8709677419354
983,1956-04-01,156.73333333333332,1418.5333333333333
984,1956-05-01,193.38709677419354,2220.5806451612902
985,1956-06-01,165.06666666666666,1673.4
986,1956-07-01,182.74193548387098,1872.8387096774193
987,1956-08-01,240.19354838709677,3016.1935483870966
988,1956-09-01,245.43333333333334,2598.4
989,1956-10-01,219.93548387096774,2385.3870967741937
990,1956-11-01,285.03333333333336,3823.3333333333335
991,1956-12-01,272.0,3409.6129032258063
992,1957-01-01,233.67741935483872,2328.1290322580644
993,1957-02-01,184.46428571428572,1454.5714285714287
994,1957-03-01,222.80645161290323,1814.1935483870968
995,1957-04-01,248.03333333333333,2064.0333333333333
996,1957-05-01,233.0,2568.7096774193546
997,1957-06-01,284.3333333333333,4535.8
998,1957-07-01,265.0967741935484,3150.2903225806454
999,1957-08-01,223.70967741935485,2356.5806451612902
1000,1957-09-01,334.0,4554.033333333334
1001,1957-10-01,359.38709677419354,4473.677419354839
1002,1957-11-01,298.6333333333333,3011.6
1003,1957-12-01,339.0,4270.096774193548
1004,1958-01-01,286.6774193548387,2994.2903225806454
1005,1958-02-01,233.60714285714286,2546.6071428571427
1006,1958-03-01,270.0,4437.580645161291
1007,1958-04-01,277.56666666666666,3603.266666666667
1008,1958-05-01,248.2258064516129,2707.8064516129034
1009,1958-06-01,242.86666666666667,2600.3
1010,1958-07-01,270.96774193548384,3298.8064516129034
1011,1958-08-01,283.51612903225805,2899.1290322580644
1012,1958-09-01,285.06666666666666,3340.6
1013,1958-10-01,256.9032258064516,2597.064516129032
1014,1958-11-01,215.6,1877.9
1015,1958-12-01,265.6774193548387,3231.8064516129034
1016,1959-01-01,307.7096774193548,4901.967741935484
1017,1959-02-01,202.60714285714286,2410.25
1018,1959-03-01,262.96774193548384,3740.2258064516127
1019,1959-04-01,231.3,2701.0333333333333
1020,1959-05-01,243.58064516129033,2807.3870967741937
1021,1959-06-01,238.9,3080.9333333333334
1022,1959-07-01,211.8709677419355,2684.8064516129034
1023,1959-08-01,282.5806451612903,3535.9032258064517
1024,1959-09-01,205.56666666666666,2415.133333333333
1025,1959-10-01,157.74193548387098,1465.0645161290322
1026,1959-11-01,175.63333333333333,2386.133333333333
1027,1959-12-01,177.09677419354838,2346.6129032258063
1028,1960-01-01,207.16129032258064,2536.1290322580644
1029,1960-02-01,149.93103448275863,1805.2068965517242
1030,1960-03-01,144.6451612903226,1191.741935483871
1031,1960-04-01,172.7,1786.5
1032,1960-05-01,169.32258064516128,2078.8709677419356
1033,1960-06-01,156.0,1414.4333333333334
1034,1960-07-01,172.41935483870967,1857.258064516129
1035,1960-08-01,189.96774193548387,2033.967741935484
1036,1960-09-01,180.13333333333333,1439.2
1037,1960-10-01,117.25806451612904,1168.6129032258063
1038,1960-11-01,126.93333333333334,1476.1333333333334
1039,1960-12-01,121.16129032258064,906.6129032258065
1040,1961-01-01,82.12903225806451,772.7096774193549
1041,1961-02-01,65.39285714285714,357.60714285714283
1042,1961-03-01,75.16129032258064,512.5806451612904
1043,1961-04-01,86.86666666666666,638.1
1044,1961-05-01,72.25806451612904,459.8709677419355
1045,1961-06-01,109.5,961.9
1046,1961-07-01,99.3225806451613,1155.483870967742
1047,1961-08-01,79.2258064516129,498.4193548387097
1048,1961-09-01,90.06666666666666,963.0666666666667
1049,1961-10-01,53.70967741935484,329.0
1050,1961-11-01,46.46666666666667,314.76666666666665
1051,1961-12-01,56.87096774193548,398.35483870967744
1052,1962-01-01,55.12903225806452,593.8064516129032
1053,1962-02-01,71.67857142857143,826.8571428571429
1054,1962-03-01,64.87096774193549,693.0
1055,1962-04-01,65.86666666666666,554.2666666666667
1056,1962-05-01,61.935483870967744,634.0322580645161
1057,1962-06-01,59.56666666666667,362.8
1058,1962-07-01,31.419354838709676,262.8709677419355
1059,1962-08-01,31.451612903225808,140.29032258064515
1060,1962-09-01,72.7,657.5
1061,1962-10-01,56.096774193548384,371.5806451612903
1062,1962-11-01,38.8,291.1333333333333
1063,1962-12-01,33.225806451612904,173.96774193548387
1064,1963-01-01,28.70967741935484,174.5483870967742
1065,1963-02-01,35.17857142857143,194.14285714285714
1066,1963-03-01,24.838709677419356,144.4516129032258
1067,1963-04-01,41.733333333333334,303.03333333333336
1068,1963-05-01,61.096774193548384,507.16129032258067
1069,1963-06-01,51.233333333333334,349.43333333333334
1070,1963-07-01,28.677419354838708,147.93548387096774
1071,1963-08-01,47.45161290322581,322.4516129032258
1072,1963-09-01,55.233333333333334,622.7
1073,1963-10-01,50.12903225806452,433.93548387096774
1074,1963-11-01,33.666666666666664,185.33333333333334
1075,1963-12-01,21.64516129032258,68.96774193548387
1076,1964-01-01,22.612903225806452,105.09677419354838
1077,1964-02-01,25.275862068965516,84.0
1078,1964-03-01,24.06451612903226,149.83870967741936
1079,1964-04-01,12.866666666666667,17.833333333333332
1080,1964-05-01,14.290322580645162,30.903225806451612
1081,1964-06-01,13.533333333333333,25.166666666666668
1082,1964-07-01,4.774193548387097,7.645161290322581
1083,1964-08-01,13.774193548387096,51.483870967741936
1084,1964-09-01,7.0,16.6
1085,1964-10-01,9.161290322580646,24.580645161290324
1086,1964-11-01,11.1,27.133333333333333
1087,1964-12-01,22.06451612903226,106.6774193548387
1088,1965-01-01,25.387096774193548,145.8709677419355
1089,1965-02-01,20.785714285714285,112.5
1090,1965-03-01,17.451612903225808,52.903225806451616
1091,1965-04-01,10.166666666666666,23.566666666666666
1092,1965-05-01,34.54838709677419,224.58064516129033
1093,1965-06-01,23.266666666666666,94.1
1094,1965-07-01,17.322580645161292,73.41935483870968
1095,1965-08-01,13.290322580645162,22.0
1096,1965-09-01,24.466666666666665,156.13333333333333
1097,1965-10-01,29.129032258064516,175.29032258064515
1098,1965-11-01,22.833333333333332,139.6
1099,1965-12-01,24.677419354838708,139.67741935483872
1100,1966-01-01,40.32258064516129,283.16129032258067
1101,1966-02-01,35.285714285714285,240.28571428571428
1102,1966-03-01,36.354838709677416,563.7741935483871
1103,1966-04-01,69.0,786.9
1104,1966-05-01,64.2258064516129,411.8709677419355
1105,1966-06-01,67.66666666666667,318.8
1106,1966-07-01,80.2258064516129,762.1290322580645
1107,1966-08-01,72.64516129032258,521.516129032258
1108,1966-09-01,71.1,939.3333333333334
1109,1966-10-01,81.16129032258064,637.741935483871
1110,1966-11-01,80.96666666666667,710.3666666666667
1111,1966-12-01,99.7741935483871,934.8064516129032
1112,1967-01-01,157.03225806451613,1840.3548387096773
1113,1967-02-01,132.60714285714286,1493.25
1114,1967-03-01,158.32258064516128,2081.516129032258
1115,1967-04-01,98.43333333333334,892.1666666666666
1116,1967-05-01,122.51612903225806,1730.6129032258063
1117,1967-06-01,95.4,1025.6666666666667
1118,1967-07-01,129.4516129032258,1476.3870967741937
1119,1967-08-01,151.7741935483871,2128.548387096774
1120,1967-09-01,108.7,886.1333333333333
1121,1967-10-01,124.96774193548387,1117.483870967742
1122,1967-11-01,133.6,1553.4333333333334
1123,1967-12-01,178.96774193548387,2004.225806451613
1124,1968-01-01,172.4516129032258,2482.7741935483873
1125,1968-02-01,158.48275862068965,1879.2758620689656
1126,1968-03-01,130.5483870967742,1117.4516129032259
1127,1968-04-01,115.0,1001.9666666666667
1128,1968-05-01,180.0,1904.1290322580646
1129,1968-06-01,156.16666666666666,1838.5333333333333
1130,1968-07-01,136.19354838709677,1481.9354838709678
1131,1968-08-01,154.83870967741936,1640.6129032258063
1132,1968-09-01,165.96666666666667,1264.4
1133,1968-10-01,152.5483870967742,1406.6774193548388
1134,1968-11-01,121.7,1134.3333333333333
1135,1968-12-01,155.48387096774192,1685.032258064516
1136,1969-01-01,147.7741935483871,1571.0
1137,1969-02-01,170.53571428571428,1272.357142857143
1138,1969-03-01,192.29032258064515,2187.2903225806454
1139,1969-04-01,151.13333333333333,1508.7
1140,1969-05-01,169.90322580645162,1335.5483870967741
1141,1969-06-01,150.06666666666666,1793.9333333333334
1142,1969-07-01,137.1290322580645,1167.5806451612902
1143,1969-08-01,138.7741935483871,1200.1290322580646
1144,1969-09-01,129.3,845.8
1145,1969-10-01,135.38709677419354,1574.1290322580646
1146,1969-11-01,132.4,1698.7
1147,1969-12-01,138.6451612903226,1246.516129032258
1148,1970-01-01,157.8709677419355,1593.3548387096773
1149,1970-02-01,180.82142857142858,2255.9285714285716
1150,1970-03-01,145.74193548387098,1382.8387096774193
1151,1970-04-01,155.06666666666666,1920.1
1152,1970-05-01,180.48387096774192,2126.935483870968
1153,1970-06-01,151.3,1529.5666666666666
1154,1970-07-01,159.29032258064515,1646.1612903225807
1155,1970-08-01,131.67741935483872,1310.8709677419354
1156,1970-09-01,140.83333333333334,1256.4
1157,1970-10-01,122.64516129032258,1271.1935483870968
1158,1970-11-01,134.8,1566.3
1159,1970-12-01,118.19354838709677,1355.3548387096773
1160,1971-01-01,129.2258064516129,1942.4516129032259
1161,1971-02-01,111.82142857142857,1433.8214285714287
1162,1971-03-01,85.93548387096774,688.0645161290323
1163,1971-04-01,101.63333333333334,883.9666666666667
1164,1971-05-01,81.51612903225806,701.7741935483871
1165,1971-06-01,70.66666666666667,487.3333333333333
1166,1971-07-01,114.70967741935483,1122.032258064516
1167,1971-08-01,87.0,1156.1612903225807
1168,1971-09-01,71.26666666666667,599.0333333333333
1169,1971-10-01,73.35483870967742,954.6451612903226
1170,1971-11-01,89.46666666666667,913.9
1171,1971-12-01,116.45161290322581,999.2258064516129
1172,1972-01-01,87.0,522.3548387096774
1173,1972-02-01,125.27586206896552,1338.2068965517242
1174,1972-03-01,113.51612903225806,1207.5806451612902
1175,1972-04-01,89.63333333333334,572.4
1176,1972-05-01,113.90322580645162,1318.5806451612902
1177,1972-06-01,124.7,1321.9333333333334
1178,1972-07-01,108.25806451612904,929.1612903225806
1179,1972-08-01,108.87096774193549,1051.7096774193549
1180,1972-09-01,90.66666666666667,604.7333333333333
1181,1972-10-01,86.93548387096774,1017.0967741935484
1182,1972-11-01,59.233333333333334,554.8666666666667
1183,1972-12-01,64.29032258064517,561.6774193548387
1184,1973-01-01,61.774193548387096,399.06451612903226
1185,1973-02-01,60.857142857142854,423.67857142857144
1186,1973-03-01,65.35483870967742,722.0
1187,1973-04-01,81.8,765.0666666666667
1188,1973-05-01,60.25806451612903,411.4516129032258
1189,1973-06-01,56.13333333333333,441.0
1190,1973-07-01,33.225806451612904,281.5806451612903
1191,1973-08-01,36.61290322580645,262.2258064516129
1192,1973-09-01,84.06666666666666,883.4333333333333
1193,1973-10-01,43.74193548387097,407.03225806451616
1194,1973-11-01,34.3,242.63333333333333
1195,1973-12-01,33.32258064516129,251.3548387096774
1196,1974-01-01,39.354838709677416,204.58064516129033
1197,1974-02-01,37.25,252.78571428571428
1198,1974-03-01,30.903225806451612,128.16129032258064
1199,1974-04-01,57.46666666666667,513.5333333333333
1200,1974-05-01,56.29032258064516,382.9032258064516
1201,1974-06-01,51.46666666666667,292.6333333333333
1202,1974-07-01,79.12903225806451,831.1290322580645
1203,1974-08-01,47.903225806451616,432.19354838709677
1204,1974-09-01,57.166666666666664,584.3333333333334
1205,1974-10-01,67.16129032258064,603.0
1206,1974-11-01,35.9,309.5
1207,1974-12-01,29.612903225806452,251.58064516129033
1208,1975-01-01,27.322580645161292,155.3548387096774
1209,1975-02-01,16.678571428571427,80.25
1210,1975-03-01,16.870967741935484,64.06451612903226
1211,1975-04-01,7.666666666666667,17.266666666666666
1212,1975-05-01,13.064516129032258,59.903225806451616
1213,1975-06-01,16.733333333333334,106.9
1214,1975-07-01,40.38709677419355,353.5806451612903
1215,1975-08-01,56.74193548387097,701.9677419354839
1216,1975-09-01,20.333333333333332,74.03333333333333
1217,1975-10-01,13.580645161290322,114.2258064516129
1218,1975-11-01,27.9,235.1
1219,1975-12-01,11.580645161290322,34.225806451612904
1220,1976-01-01,11.870967741935484,115.45161290322581
1221,1976-02-01,6.448275862068965,11.275862068965518
1222,1976-03-01,31.451612903225808,336.2903225806452
1223,1976-04-01,27.333333333333332,376.3
1224,1976-05-01,18.225806451612904,104.09677419354838
1225,1976-06-01,17.933333333333334,76.3
1226,1976-07-01,2.935483870967742,8.741935483870968
1227,1976-08-01,24.096774193548388,290.741935483871
1228,1976-09-01,19.966666666666665,169.3
1229,1976-10-01,29.741935483870968,181.93548387096774
1230,1976-11-01,7.866666666666666,91.96666666666667
1231,1976-12-01,22.322580645161292,196.32258064516128
1232,1977-01-01,23.806451612903224,148.3548387096774
1233,1977-02-01,33.25,216.0
1234,1977-03-01,13.0,36.58064516129032
1235,1977-04-01,18.966666666666665,123.9
1236,1977-05-01,27.0,131.8709677419355
1237,1977-06-01,54.9,617.4
1238,1977-07-01,30.612903225806452,205.21290322580646
1239,1977-08-01,43.0,273.2258064516129
1240,1977-09-01,62.36666666666667,885.7333333333333
1241,1977-10-01,62.064516129032256,611.0322580645161
1242,1977-11-01,41.56666666666667,270.6666666666667
1243,1977-12-01,61.38709677419355,644.4516129032259
1244,1978-01-01,73.6774193548387,558.6451612903226
1245,1978-02-01,132.57142857142858,1901.5
1246,1978-03-01,108.35483870967742,1294.5483870967741
1247,1978-04-01,141.23333333333332,1520.68
1248,1978-05-01,117.06451612903226,1346.8000000000002
1249,1978-06-01,134.63333333333333,1175.9066666666665
1250,1978-07-01,99.6774193548387,878.4322580645162
1251,1978-08-01,82.41935483870968,530.4645161290323
1252,1978-09-01,195.66666666666666,1996.1666666666667
1253,1978-10-01,177.1290322580645,1455.593548387097
1254,1978-11-01,138.53333333333333,1436.0266666666669
1255,1978-12-01,173.8709677419355,2327.4774193548387
1256,1979-01-01,235.8709677419355,2688.0451612903225
1257,1979-02-01,194.71428571428572,2217.35
1258,1979-03-01,195.29032258064515,1581.6387096774195
1259,1979-04-01,143.73333333333332,1823.78
1260,1979-05-01,190.32258064516128,1676.7032258064517
1261,1979-06-01,211.7,2614.92
1262,1979-07-01,225.67741935483872,1795.5677419354838
1263,1979-08-01,201.3548387096774,2003.7161290322579
1264,1979-09-01,266.9,2258.2933333333335
1265,1979-10-01,263.61290322580646,2703.941935483871
1266,1979-11-01,259.53333333333336,3132.3133333333335
1267,1979-12-01,249.61290322580646,1778.858064516129
1268,1980-01-01,226.06451612903226,1935.1612903225807
1269,1980-02-01,219.41379310344828,2113.0344827586205
1270,1980-03-01,178.67741935483872,1134.0
1271,1980-04-01,232.23333333333332,2827.5333333333333
1272,1980-05-01,254.67741935483872,2884.0
1273,1980-06-01,222.66666666666666,1960.7
1274,1980-07-01,192.93548387096774,2003.3548387096773
1275,1980-08-01,191.70967741935485,1456.4516129032259
1276,1980-09-01,219.56666666666666,1994.7666666666667
1277,1980-10-01,233.25806451612902,2469.1935483870966
1278,1980-11-01,209.53333333333333,3083.266666666667
1279,1980-12-01,246.93548387096774,2067.032258064516
1280,1981-01-01,156.6451612903226,1248.5290322580645
1281,1981-02-01,189.89285714285714,2216.55
1282,1981-03-01,196.6451612903226,2348.6129032258063
1283,1981-04-01,225.33333333333334,2216.6666666666665
1284,1981-05-01,194.67741935483872,2082.3870967741937
1285,1981-06-01,131.6,1451.1
1286,1981-07-01,205.32258064516128,3294.967741935484
1287,1981-08-01,242.4516129032258,1840.5483870967741
1288,1981-09-01,245.26666666666668,2572.0333333333333
1289,1981-10-01,216.16129032258064,3239.735483870968
1290,1981-11-01,186.03333333333333,2207.1466666666665
1291,1981-12-01,195.38709677419354,2524.7419354838707
1292,1982-01-01,149.7741935483871,1607.741935483871
1293,1982-02-01,230.92857142857142,3857.0
1294,1982-03-01,221.06451612903226,3569.548387096774
1295,1982-04-01,170.26666666666668,1985.1666666666667
1296,1982-05-01,119.29032258064517,1390.0645161290322
1297,1982-06-01,163.73333333333332,3070.6666666666665
1298,1982-07-01,139.38709677419354,1908.967741935484
1299,1982-08-01,161.93548387096774,2065.2258064516127
1300,1982-09-01,167.36666666666667,1778.4666666666667
1301,1982-10-01,134.32258064516128,1539.5483870967741
1302,1982-11-01,127.46666666666667,1851.2666666666667
1303,1982-12-01,168.96774193548387,2707.4193548387098
1304,1983-01-01,115.48387096774194,1214.3870967741937
1305,1983-02-01,73.07142857142857,957.5
1306,1983-03-01,88.6774193548387,905.9354838709677
1307,1983-04-01,109.56666666666666,976.7333333333333
1308,1983-05-01,132.51612903225808,1736.4516129032259
1309,1983-06-01,131.46666666666667,1577.8
1310,1983-07-01,108.90322580645162,1105.0967741935483
1311,1983-08-01,96.0,845.8709677419355
1312,1983-09-01,69.93333333333334,607.1333333333333
1313,1983-10-01,72.51612903225806,904.1290322580645
1314,1983-11-01,45.666666666666664,203.46666666666667
1315,1983-12-01,45.645161290322584,293.5483870967742
1316,1984-01-01,74.83870967741936,1582.0
1317,1984-02-01,110.17241379310344,2174.8275862068967
1318,1984-03-01,116.74193548387096,1033.2903225806451
1319,1984-04-01,90.4,1723.4
1320,1984-05-01,96.87096774193549,1619.032258064516
1321,1984-06-01,65.1,588.9333333333333
1322,1984-07-01,55.67741935483871,289.03225806451616
1323,1984-08-01,34.96774193548387,191.48387096774192
1324,1984-09-01,22.6,130.66666666666666
1325,1984-10-01,12.612903225806452,69.09677419354838
1326,1984-11-01,26.466666666666665,234.26666666666668
1327,1984-12-01,21.387096774193548,99.80645161290323
1328,1985-01-01,17.838709677419356,168.4516129032258
1329,1985-02-01,20.714285714285715,102.0
1330,1985-03-01,16.870967741935484,132.32258064516128
1331,1985-04-01,20.366666666666667,368.2
1332,1985-05-01,32.41935483870968,331.4516129032258
1333,1985-06-01,28.3,246.86666666666667
1334,1985-07-01,39.935483870967744,392.4516129032258
1335,1985-08-01,10.129032258064516,45.16129032258065
1336,1985-09-01,4.333333333333333,19.133333333333333
1337,1985-10-01,21.967741935483872,193.29032258064515
1338,1985-11-01,17.866666666666667,100.33333333333333
1339,1985-12-01,15.838709677419354,51.03225806451613
1340,1986-01-01,2.774193548387097,32.516129032258064
1341,1986-02-01,27.892857142857142,417.5
1342,1986-03-01,13.838709677419354,145.8709677419355
1343,1986-04-01,22.4,174.53333333333333
1344,1986-05-01,16.129032258064516,45.16129032258065
1345,1986-06-01,0.5666666666666667,1.8666666666666667
1346,1986-07-01,18.096774193548388,105.2258064516129
1347,1986-08-01,9.903225806451612,81.74193548387096
1348,1986-09-01,5.066666666666666,23.8
1349,1986-10-01,40.12903225806452,359.93548387096774
1350,1986-11-01,15.366666666666667,94.26666666666667
1351,1986-12-01,5.774193548387097,14.0
1352,1987-01-01,9.806451612903226,25.29032258064516
1353,1987-02-01,3.392857142857143,13.5
1354,1987-03-01,17.387096774193548,108.83870967741936
1355,1987-04-01,46.0,502.6
1356,1987-05-01,39.12903225806452,442.5483870967742
1357,1987-06-01,18.766666666666666,104.06666666666666
1358,1987-07-01,38.16129032258065,256.51612903225805
1359,1987-08-01,47.935483870967744,565.8709677419355
1360,1987-09-01,42.2,249.66666666666666
1361,1987-10-01,63.38709677419355,493.61290322580646
1362,1987-11-01,48.833333333333336,490.0
1363,1987-12-01,29.096774193548388,294.4516129032258
1364,1988-01-01,70.48387096774194,489.5483870967742
1365,1988-02-01,45.44827586206897,507.86206896551727
1366,1988-03-01,91.19354838709677,870.7096774193549
1367,1988-04-01,108.76666666666667,1032.7333333333333
1368,1988-05-01,74.16129032258064,492.258064516129
1369,1988-06-01,124.26666666666667,1755.6
1370,1988-07-01,131.38709677419354,2044.0
1371,1988-08-01,139.41935483870967,1714.3225806451612
1372,1988-09-01,142.73333333333332,1220.8
1373,1988-10-01,156.4516129032258,1998.3870967741937
1374,1988-11-01,156.76666666666668,1593.2
1375,1988-12-01,231.19354838709677,2423.8064516129034
1376,1989-01-01,210.09677419354838,2952.1935483870966
1377,1989-02-01,208.67857142857142,2592.5
1378,1989-03-01,170.3548387096774,3054.7096774193546
1379,1989-04-01,166.26666666666668,1954.4
1380,1989-05-01,195.41935483870967,1824.0645161290322
1381,1989-06-01,284.53333333333336,3713.733333333333
1382,1989-07-01,180.51612903225808,1503.4193548387098
1383,1989-08-01,231.96774193548387,3150.0
1384,1989-09-01,225.06666666666666,3308.6666666666665
1385,1989-10-01,212.16129032258064,2007.8709677419354
1386,1989-11-01,238.16666666666666,2489.2
1387,1989-12-01,211.41935483870967,2399.8709677419356
1388,1990-01-01,227.41935483870967,2080.1290322580644
1389,1990-02-01,171.82142857142858,1727.0
1390,1990-03-01,191.67741935483872,1826.774193548387
1391,1990-04-01,189.7,1565.2
1392,1990-05-01,175.19354838709677,1872.3870967741937
1393,1990-06-01,153.33333333333334,1333.7333333333333
1394,1990-07-01,191.1290322580645,2074.2580645161293
1395,1990-08-01,252.09677419354838,3414.1935483870966
1396,1990-09-01,169.1,1662.2666666666667
1397,1990-10-01,199.3548387096774,1957.741935483871
1398,1990-11-01,178.83333333333334,2793.4666666666667
1399,1990-12-01,197.09677419354838,2277.032258064516
1400,1991-01-01,195.32258064516128,3211.4193548387098
1401,1991-02-01,240.25,3168.0
1402,1991-03-01,196.96774193548387,2794.1290322580644
1403,1991-04-01,197.56666666666666,1486.8
1404,1991-05-01,166.90322580645162,2275.6774193548385
1405,1991-06-01,224.73333333333332,2728.6
1406,1991-07-01,240.16129032258064,2525.4193548387098
1407,1991-08-01,240.7741935483871,2646.0
1408,1991-09-01,168.9,1635.2
1409,1991-10-01,197.1290322580645,2753.935483870968
1410,1991-11-01,159.53333333333333,1370.1333333333334
1411,1991-12-01,212.61290322580646,3047.032258064516
1412,1992-01-01,198.25806451612902,2413.4193548387098
1413,1992-02-01,230.68965517241378,2837.1724137931033
1414,1992-03-01,150.96774193548387,1271.2903225806451
1415,1992-04-01,142.23333333333332,1336.5333333333333
1416,1992-05-01,94.29032258064517,761.8709677419355
1417,1992-06-01,98.53333333333333,721.4666666666667
1418,1992-07-01,114.2258064516129,1201.2903225806451
1419,1992-08-01,91.90322580645162,1135.8064516129032
1420,1992-09-01,93.96666666666667,733.8333333333334
1421,1992-10-01,133.3548387096774,1411.2903225806451
1422,1992-11-01,129.56666666666666,1399.0666666666666
1423,1992-12-01,121.96774193548387,967.3548387096774
1424,1993-01-01,81.38709677419355,613.741935483871
1425,1993-02-01,127.78571428571429,1550.5
1426,1993-03-01,102.41935483870968,1001.2258064516129
1427,1993-04-01,94.43333333333334,687.8666666666667
1428,1993-05-01,78.7741935483871,568.5806451612904
1429,1993-06-01,69.63333333333334,595.4666666666667
1430,1993-07-01,80.41935483870968,481.8709677419355
1431,1993-08-01,62.54838709677419,409.16129032258067
1432,1993-09-01,31.166666666666668,311.73333333333335
1433,1993-10-01,71.06451612903226,798.0
1434,1993-11-01,48.166666666666664,655.2
1435,1993-12-01,68.38709677419355,681.0322580645161
1436,1994-01-01,84.87096774193549,1030.1290322580646
1437,1994-02-01,54.857142857142854,438.0
1438,1994-03-01,47.45161290322581,171.16129032258064
1439,1994-04-01,27.366666666666667,120.86666666666666
1440,1994-05-01,29.806451612903224,251.5483870967742
1441,1994-06-01,39.7,196.0
1442,1994-07-01,50.58064516129032,295.35483870967744
1443,1994-08-01,34.32258064516129,216.7741935483871
1444,1994-09-01,40.46666666666667,390.1333333333333
1445,1994-10-01,67.12903225806451,523.8709677419355
1446,1994-11-01,29.466666666666665,113.4
1447,1994-12-01,32.193548387096776,337.35483870967744
1448,1995-01-01,32.61290322580645,185.61290322580646
1449,1995-02-01,45.82142857142857,235.5
1450,1995-03-01,46.32258064516129,315.2258064516129
1451,1995-04-01,21.6,142.8
1452,1995-05-01,19.387096774193548,189.67741935483872
1453,1995-06-01,22.5,136.73333333333332
1454,1995-07-01,20.387096774193548,149.03225806451613
1455,1995-08-01,18.225806451612904,82.19354838709677
1456,1995-09-01,15.7,54.6
1457,1995-10-01,30.612903225806452,269.61290322580646
1458,1995-11-01,13.966666666666667,90.06666666666666
1459,1995-12-01,14.903225806451612,64.58064516129032
1460,1996-01-01,13.32258064516129,74.06451612903226
1461,1996-02-01,7.689655172413793,16.896551724137932
1462,1996-03-01,12.612903225806452,49.225806451612904
1463,1996-04-01,6.766666666666667,22.4
1464,1996-05-01,7.612903225806452,47.87096774193548
1465,1996-06-01,16.5,83.53333333333333
1466,1996-07-01,11.806451612903226,163.48387096774192
1467,1996-08-01,19.677419354838708,130.06451612903226
1468,1996-09-01,3.033333333333333,5.133333333333334
1469,1996-10-01,0.6774193548387096,1.8064516129032258
1470,1996-11-01,24.933333333333334,277.6666666666667
1471,1996-12-01,14.0,110.64516129032258
1472,1997-01-01,7.419354838709677,10.838709677419354
1473,1997-02-01,11.0,38.0
1474,1997-03-01,12.096774193548388,51.03225806451613
1475,1997-04-01,23.0,86.8
1476,1997-05-01,25.387096774193548,116.51612903225806
1477,1997-06-01,20.766666666666666,60.666666666666664
1478,1997-07-01,12.870967741935484,38.83870967741935
1479,1997-08-01,35.70967741935484,149.48387096774192
1480,1997-09-01,59.733333333333334,726.1333333333333
1481,1997-10-01,32.806451612903224,131.41935483870967
1482,1997-11-01,50.43333333333333,632.3333333333334
1483,1997-12-01,55.516129032258064,480.96774193548384
1484,1998-01-01,44.516129032258064,257.8709677419355
1485,1998-02-01,50.214285714285715,308.0
1486,1998-03-01,82.0,810.1935483870968
1487,1998-04-01,70.56666666666666,520.8
1488,1998-05-01,74.0,673.8064516129032
1489,1998-06-01,90.53333333333333,679.0
1490,1998-07-01,96.6774193548387,690.0645161290323
1491,1998-08-01,121.06451612903226,1358.9032258064517
1492,1998-09-01,132.03333333333333,1331.8666666666666
1493,1998-10-01,78.48387096774194,469.2258064516129
1494,1998-11-01,97.33333333333333,1006.6
1495,1998-12-01,119.19354838709677,1050.4516129032259
1496,1999-01-01,86.0,634.516129032258
1497,1999-02-01,98.0,937.0
1498,1999-03-01,103.54838709677419,655.741935483871
1499,1999-04-01,93.56666666666666,460.1333333333333
1500,1999-05-01,149.61290322580646,1146.6451612903227
1501,1999-06-01,207.2,1690.2666666666667
1502,1999-07-01,173.51612903225808,1533.6774193548388
1503,1999-08-01,142.32258064516128,1397.2903225806451
1504,1999-09-01,106.3,609.9333333333333
1505,1999-10-01,168.74193548387098,1509.741935483871
1506,1999-11-01,188.26666666666668,1871.8
1507,1999-12-01,116.7741935483871,1497.5483870967741
1508,2000-01-01,133.09677419354838,927.1612903225806
1509,2000-02-01,165.6551724137931,1410.1379310344828
1510,2000-03-01,217.74193548387098,2221.483870967742
1511,2000-04-01,191.5,1862.9333333333334
1512,2000-05-01,165.90322580645162,2182.1935483870966
1513,2000-06-01,188.03333333333333,2093.4666666666667
1514,2000-07-01,244.32258064516128,2343.8709677419356
1515,2000-08-01,180.4516129032258,1082.516129032258
1516,2000-09-01,156.03333333333333,1872.2666666666667
1517,2000-10-01,141.58064516129033,948.8387096774194
1518,2000-11-01,158.1,1351.0
1519,2000-12-01,143.29032258064515,1024.258064516129
1520,2001-01-01,142.61290322580646,934.8387096774194
1521,2001-02-01,121.46428571428571,669.5
1522,2001-03-01,165.80645161290323,1670.967741935484
1523,2001-04-01,161.7,1892.8
1524,2001-05-01,142.09677419354838,1109.1612903225807
1525,2001-06-01,202.93333333333334,1785.9333333333334
1526,2001-07-01,122.96774193548387,819.2258064516129
1527,2001-08-01,161.51612903225808,1619.032258064516
1528,2001-09-01,238.16666666666666,3040.3799999999997
1529,2001-10-01,194.06451612903226,2128.9032258064517
1530,2001-11-01,176.56666666666666,2424.1
1531,2001-12-01,213.41935483870967,2354.2580645161293
1532,2002-01-01,184.6451612903226,1781.3870967741937
1533,2002-02-01,170.17857142857142,1637.0
1534,2002-03-01,147.09677419354838,1367.5741935483873
1535,2002-04-01,186.93333333333334,2053.3333333333335
1536,2002-05-01,187.48387096774192,2182.1935483870966
1537,2002-06-01,128.76666666666668,1346.8
1538,2002-07-01,161.0,2196.6451612903224
1539,2002-08-01,175.61290322580646,2527.2258064516127
1540,2002-09-01,187.86666666666667,2093.4666666666667
1541,2002-10-01,151.19354838709677,1799.4516129032259
1542,2002-11-01,147.16666666666666,1843.8
1543,2002-12-01,135.32258064516128,1115.9354838709678
1544,2003-01-01,133.4516129032258,987.6774193548387
1545,2003-02-01,75.67857142857143,474.0
1546,2003-03-01,100.70967741935483,1183.225806451613
1547,2003-04-01,97.86666666666666,1107.8666666666666
1548,2003-05-01,86.83870967741936,950.6451612903226
1549,2003-06-01,118.7,1280.0666666666666
1550,2003-07-01,128.32258064516128,1177.3548387096773
1551,2003-08-01,115.38709677419355,948.8387096774194
1552,2003-09-01,78.46666666666667,593.6
1553,2003-10-01,97.83870967741936,2261.2258064516127
1554,2003-11-01,82.9,1594.1333333333334
1555,2003-12-01,72.2258064516129,632.258064516129
1556,2004-01-01,60.61290322580645,762.7741935483871
1557,2004-02-01,74.62068965517241,619.8620689655172
1558,2004-03-01,74.7741935483871,700.0
1559,2004-04-01,59.233333333333334,439.6
1560,2004-05-01,72.80645161290323,627.2903225806451
1561,2004-06-01,66.5,593.6
1562,2004-07-01,83.83870967741936,1239.4516129032259
1563,2004-08-01,69.74193548387096,985.4193548387096
1564,2004-09-01,48.766666666666666,566.0666666666667
1565,2004-10-01,74.16129032258064,600.4193548387096
1566,2004-11-01,70.1,796.1333333333333
1567,2004-12-01,28.93548387096774,274.5806451612903
1568,2005-01-01,48.064516129032256,900.516129032258
1569,2005-02-01,43.535714285714285,534.5
1570,2005-03-01,39.645161290322584,419.5483870967742
1571,2005-04-01,38.733333333333334,395.73333333333335
1572,2005-05-01,61.935483870967744,795.2903225806451
1573,2005-06-01,56.766666666666666,701.8666666666667
1574,2005-07-01,62.38709677419355,700.0
1575,2005-08-01,60.483870967741936,539.2258064516129
1576,2005-09-01,37.2,598.2666666666667
1577,2005-10-01,13.161290322580646,52.38709677419355
1578,2005-11-01,27.5,398.06666666666666
1579,2005-12-01,59.25806451612903,475.5483870967742
1580,2006-01-01,20.903225806451612,150.83870967741936
1581,2006-02-01,5.714285714285714,10.5
1582,2006-03-01,17.29032258064516,78.58064516129032
1583,2006-04-01,50.266666666666666,490.93333333333334
1584,2006-05-01,37.225806451612904,188.7741935483871
1585,2006-06-01,24.5,196.93333333333334
1586,2006-07-01,22.161290322580644,214.56129032258065
1587,2006-08-01,20.774193548387096,438.51612903225805
1588,2006-09-01,23.7,193.2
1589,2006-10-01,14.870967741935484,79.48387096774194
1590,2006-11-01,35.7,528.7333333333333
1591,2006-12-01,22.322580645161292,370.3225806451613
1592,2007-01-01,29.258064516129032,377.5483870967742
1593,2007-02-01,18.428571428571427,200.5
1594,2007-03-01,7.193548387096774,41.54838709677419
1595,2007-04-01,5.433333333333334,132.53333333333333
1596,2007-05-01,19.548387096774192,209.5483870967742
1597,2007-06-01,21.333333333333332,220.26666666666668
1598,2007-07-01,15.096774193548388,193.29032258064515
1599,2007-08-01,9.774193548387096,64.12903225806451
1600,2007-09-01,4.033333333333333,15.4
1601,2007-10-01,1.5161290322580645,4.516129032258065
1602,2007-11-01,2.8333333333333335,5.133333333333334
1603,2007-12-01,17.29032258064516,135.93548387096774
1604,2008-01-01,4.129032258064516,14.451612903225806
1605,2008-02-01,2.8620689655172415,8.689655172413794
1606,2008-03-01,15.548387096774194,144.51612903225808
1607,2008-04-01,3.6,28.933333333333334
1608,2008-05-01,4.580645161290323,11.064516129032258
1609,2008-06-01,5.166666666666667,9.333333333333334
1610,2008-07-01,0.6129032258064516,1.8064516129032258
1611,2008-08-01,0.3225806451612903,0.0
1612,2008-09-01,1.1666666666666667,3.2666666666666666
1613,2008-10-01,4.161290322580645,15.806451612903226
1614,2008-11-01,6.633333333333334,31.733333333333334
1615,2008-12-01,1.032258064516129,4.064516129032258
1616,2009-01-01,1.3225806451612903,5.870967741935484
1617,2009-02-01,1.1785714285714286,3.5
1618,2009-03-01,0.6451612903225806,1.8064516129032258
1619,2009-04-01,1.2333333333333334,1.8666666666666667
1620,2009-05-01,2.935483870967742,7.67741935483871
1621,2009-06-01,6.3,17.733333333333334
1622,2009-07-01,5.516129032258065,51.935483870967744
1623,2009-08-01,0.0,0.45161290322580644
1624,2009-09-01,7.1,31.266666666666666
1625,2009-10-01,7.67741935483871,82.19354838709677
1626,2009-11-01,6.866666666666666,14.466666666666667
1627,2009-12-01,16.322580645161292,99.80645161290323
1628,2010-01-01,19.451612903225808,223.5483870967742
1629,2010-02-01,28.5,182.0
1630,2010-03-01,23.967741935483872,222.01290322580644
1631,2010-04-01,10.366666666666667,71.4
1632,2010-05-01,13.903225806451612,55.32258064516129
1633,2010-06-01,18.8,89.6
1634,2010-07-01,25.225806451612904,187.8709677419355
1635,2010-08-01,29.64516129032258,233.93548387096774
1636,2010-09-01,36.36666666666667,399.0933333333333
1637,2010-10-01,33.645161290322584,405.0967741935484
1638,2010-11-01,34.36666666666667,193.66666666666666
1639,2010-12-01,24.548387096774192,308.0
1640,2011-01-01,27.322580645161292,237.7741935483871
1641,2011-02-01,48.285714285714285,404.5
1642,2011-03-01,78.64516129032258,981.3548387096774
1643,2011-04-01,76.1,662.2
1644,2011-05-01,58.193548387096776,380.93548387096774
1645,2011-06-01,56.06666666666667,314.53333333333336
1646,2011-07-01,64.51612903225806,452.2903225806452
1647,2011-08-01,65.83870967741936,613.0645161290323
1648,2011-09-01,120.13333333333334,1205.4
1649,2011-10-01,125.6774193548387,1256.6129032258063
1650,2011-11-01,139.06666666666666,1536.5933333333335
1651,2011-12-01,109.29032258064517,949.516129032258
1652,2012-01-01,94.41935483870968,1000.7741935483871
1653,2012-02-01,47.758620689655174,380.41379310344826
1654,2012-03-01,86.64516129032258,802.0645161290323
1655,2012-04-01,85.9,739.9
1656,2012-05-01,96.48387096774194,1047.0645161290322
1657,2012-06-01,91.96666666666667,768.0400000000001
1658,2012-07-01,100.12903225806451,1282.1290322580646
1659,2012-08-01,94.7741935483871,709.483870967742
1660,2012-09-01,93.7,706.5333333333333
1661,2012-10-01,76.54838709677419,840.4516129032259
1662,2012-11-01,87.63333333333334,825.5333333333333
1663,2012-12-01,56.806451612903224,460.19354838709677
1664,2013-01-01,96.06451612903226,996.7096774193549
1665,2013-02-01,60.92857142857143,442.5
1666,2013-03-01,78.3225806451613,635.4193548387096
1667,2013-04-01,107.33333333333333,1116.2666666666667
1668,2013-05-01,120.16129032258064,1117.0645161290322
1669,2013-06-01,76.7,635.6
1670,2013-07-01,86.16129032258064,668.8387096774194
1671,2013-08-01,91.7741935483871,605.1612903225806
1672,2013-09-01,54.46666666666667,300.58
1673,2013-10-01,114.35483870967742,1180.516129032258
1674,2013-11-01,113.86666666666666,1508.2666666666667
1675,2013-12-01,124.16129032258064,1122.258064516129
1676,2014-01-01,116.96774193548387,1531.6451612903227
1677,2014-02-01,146.07142857142858,2015.75
1678,2014-03-01,128.74193548387098,999.8709677419355
1679,2014-04-01,112.46666666666667,1116.7333333333333
1680,2014-05-01,112.45161290322581,932.1290322580645
1681,2014-06-01,102.86666666666666,893.2
1682,2014-07-01,100.19354838709677,1210.3225806451612
1683,2014-08-01,106.93548387096774,783.0967741935484
1684,2014-09-01,130.0,1139.1333333333334
1685,2014-10-01,89.96774193548387,1718.3870967741937
1686,2014-11-01,103.63333333333334,1282.8666666666666
1687,2014-12-01,112.87096774193549,1402.7096774193549
1688,2015-01-01,93.03225806451613,994.4516129032259
1689,2015-02-01,66.71428571428571,498.0
1690,2015-03-01,54.54838709677419,518.6774193548387
1691,2015-04-01,75.33333333333333,689.2666666666667
1692,2015-05-01,88.83870967741936,629.0967741935484
1693,2015-06-01,66.46666666666667,846.5333333333333
1694,2015-07-01,65.83870967741936,518.9032258064516
1695,2015-08-01,64.41935483870968,701.4000000000001
1696,2015-09-01,78.56666666666666,642.6
1697,2015-10-01,63.645161290322584,445.741935483871
1698,2015-11-01,62.166666666666664,371.46666666666664
1699,2015-12-01,58.03225806451613,569.483870967742
1700,2016-01-01,56.96774193548387,372.5806451612903
1701,2016-02-01,56.37931034482759,377.0344827586207
1702,2016-03-01,54.064516129032256,298.06451612903226
1703,2016-04-01,37.9,571.2
1704,2016-05-01,51.516129032258064,491.80645161290323
1705,2016-06-01,20.533333333333335,217.93333333333334
1706,2016-07-01,32.354838709677416,335.0967741935484
1707,2016-08-01,50.16129032258065,308.2258064516129
1708,2016-09-01,44.63333333333333,341.6
1709,2016-10-01,33.41935483870968,0.45161290322580644
